"dz_2001","chp"
"S01005669","S03000030"
"S01005740","S03000030"
"S01004599","S03000029"
"S01005843","S03000030"
"S01004837","S03000029"
"S01004887","S03000029"
"S01004846","S03000029"
"S01004937","S03000029"
"S01004945","S03000029"
"S01003399","S03000024"
"S01003366","S03000024"
"S01003358","S03000024"
"S01003368","S03000024"
"S01003439","S03000024"
"S01003373","S03000024"
"S01003410","S03000024"
"S01003447","S03000024"
"S01003328","S03000016"
"S01003335","S03000016"
"S01003511","S03000024"
"S01003525","S03000024"
"S01003497","S03000024"
"S01003503","S03000024"
"S01003481","S03000024"
"S01003479","S03000024"
"S01003478","S03000024"
"S01003460","S03000024"
"S01003470","S03000024"
"S01003509","S03000024"
"S01003466","S03000024"
"S01003465","S03000024"
"S01003451","S03000024"
"S01003469","S03000024"
"S01003498","S03000024"
"S01003508","S03000024"
"S01003560","S03000024"
"S01003524","S03000024"
"S01003539","S03000024"
"S01003496","S03000024"
"S01003520","S03000024"
"S01003499","S03000024"
"S01003542","S03000024"
"S01003477","S03000024"
"S01003597","S03000024"
"S01003632","S03000019"
"S01003612","S03000019"
"S01003620","S03000019"
"S01003638","S03000019"
"S01003623","S03000019"
"S01003594","S03000019"
"S01003589","S03000019"
"S01003568","S03000019"
"S01003574","S03000019"
"S01003555","S03000024"
"S01003545","S03000024"
"S01003576","S03000024"
"S01003558","S03000024"
"S01003521","S03000024"
"S01003513","S03000024"
"S01003484","S03000024"
"S01003514","S03000024"
"S01003526","S03000024"
"S01003504","S03000024"
"S01003487","S03000024"
"S01003506","S03000024"
"S01003501","S03000024"
"S01003522","S03000024"
"S01003552","S03000024"
"S01003536","S03000024"
"S01003648","S03000024"
"S01003659","S03000024"
"S01003676","S03000024"
"S01003671","S03000024"
"S01003675","S03000019"
"S01003635","S03000024"
"S01003631","S03000024"
"S01003609","S03000024"
"S01003587","S03000024"
"S01003591","S03000024"
"S01003637","S03000024"
"S01003614","S03000024"
"S01003603","S03000024"
"S01003618","S03000024"
"S01003683","S03000024"
"S01003692","S03000024"
"S01003696","S03000024"
"S01003701","S03000024"
"S01003684","S03000024"
"S01003668","S03000024"
"S01003689","S03000024"
"S01003693","S03000024"
"S01003647","S03000024"
"S01003630","S03000024"
"S01003605","S03000024"
"S01003622","S03000024"
"S01003642","S03000024"
"S01003645","S03000024"
"S01003662","S03000024"
"S01003681","S03000024"
"S01003674","S03000024"
"S01003651","S03000024"
"S01003646","S03000024"
"S01003658","S03000024"
"S01003639","S03000024"
"S01003654","S03000024"
"S01003633","S03000024"
"S01003667","S03000024"
"S01006178","S03000023"
"S01003678","S03000024"
"S01003685","S03000024"
"S01003679","S03000024"
"S01003518","S03000024"
"S01003531","S03000024"
"S01003535","S03000024"
"S01003480","S03000024"
"S01003562","S03000024"
"S01003571","S03000024"
"S01003593","S03000024"
"S01003608","S03000024"
"S01003615","S03000024"
"S01003590","S03000024"
"S01003610","S03000024"
"S01006177","S03000023"
"S01003493","S03000024"
"S01003586","S03000024"
"S01003575","S03000024"
"S01003559","S03000024"
"S01003570","S03000024"
"S01003584","S03000024"
"S01003556","S03000024"
"S01003569","S03000024"
"S01003527","S03000024"
"S01003532","S03000024"
"S01003702","S03000024"
"S01003706","S03000024"
"S01003705","S03000024"
"S01003703","S03000024"
"S01003694","S03000024"
"S01003698","S03000024"
"S01003690","S03000024"
"S01003697","S03000024"
"S01003713","S03000024"
"S01003709","S03000024"
"S01003717","S03000024"
"S01003708","S03000024"
"S01003716","S03000024"
"S01003711","S03000024"
"S01003714","S03000024"
"S01003707","S03000024"
"S01003712","S03000024"
"S01003715","S03000024"
"S01003718","S03000024"
"S01003704","S03000024"
"S01003433","S03000024"
"S01003695","S03000019"
"S01003682","S03000019"
"S01003661","S03000019"
"S01003663","S03000019"
"S01003652","S03000019"
"S01003643","S03000019"
"S01003673","S03000019"
"S01003650","S03000019"
"S01003665","S03000019"
"S01003664","S03000019"
"S01003656","S03000019"
"S01003566","S03000019"
"S01003554","S03000019"
"S01003547","S03000019"
"S01003544","S03000019"
"S01003517","S03000019"
"S01003537","S03000019"
"S01003530","S03000019"
"S01003494","S03000024"
"S01003581","S03000019"
"S01003561","S03000019"
"S01003475","S03000024"
"S01003519","S03000019"
"S01003507","S03000024"
"S01003490","S03000024"
"S01003500","S03000024"
"S01003482","S03000024"
"S01003592","S03000019"
"S01003579","S03000019"
"S01003625","S03000019"
"S01003617","S03000019"
"S01003619","S03000019"
"S01003624","S03000019"
"S01003640","S03000019"
"S01003596","S03000019"
"S01003600","S03000019"
"S01003604","S03000019"
"S01003585","S03000019"
"S01003595","S03000019"
"S01003495","S03000019"
"S01003546","S03000019"
"S01003510","S03000019"
"S01003534","S03000019"
"S01003572","S03000019"
"S01003580","S03000019"
"S01003567","S03000019"
"S01003492","S03000019"
"S01003472","S03000019"
"S01003611","S03000019"
"S01003463","S03000019"
"S01003505","S03000019"
"S01003491","S03000019"
"S01003649","S03000019"
"S01001423","S03000015"
"S01003488","S03000019"
"S01003458","S03000019"
"S01003443","S03000019"
"S01003445","S03000019"
"S01003442","S03000019"
"S01003457","S03000019"
"S01003606","S03000019"
"S01003601","S03000019"
"S01003655","S03000019"
"S01003644","S03000019"
"S01003627","S03000019"
"S01003563","S03000019"
"S01003557","S03000019"
"S01003548","S03000019"
"S01003538","S03000019"
"S01003578","S03000019"
"S01003577","S03000019"
"S01003598","S03000019"
"S01003583","S03000019"
"S01003602","S03000019"
"S01003607","S03000019"
"S01003660","S03000019"
"S01003616","S03000019"
"S01003634","S03000019"
"S01003628","S03000019"
"S01003573","S03000019"
"S01003565","S03000019"
"S01003529","S03000019"
"S01003549","S03000019"
"S01003551","S03000019"
"S01003541","S03000019"
"S01003533","S03000019"
"S01003564","S03000019"
"S01003582","S03000019"
"S01003543","S03000019"
"S01003540","S03000019"
"S01003553","S03000019"
"S01003636","S03000019"
"S01003599","S03000019"
"S01003621","S03000019"
"S01003629","S03000019"
"S01003669","S03000019"
"S01003710","S03000019"
"S01003657","S03000019"
"S01003653","S03000019"
"S01003666","S03000019"
"S01003677","S03000019"
"S01003672","S03000019"
"S01003680","S03000019"
"S01003687","S03000019"
"S01003686","S03000019"
"S01003699","S03000019"
"S01003670","S03000019"
"S01003700","S03000019"
"S01003691","S03000019"
"S01003688","S03000019"
"S01001521","S03000015"
"S01003453","S03000024"
"S01003468","S03000024"
"S01003454","S03000024"
"S01003449","S03000024"
"S01003464","S03000024"
"S01003473","S03000024"
"S01003446","S03000024"
"S01003423","S03000024"
"S01003430","S03000024"
"S01003408","S03000024"
"S01003437","S03000024"
"S01003403","S03000024"
"S01003425","S03000024"
"S01003432","S03000024"
"S01003450","S03000024"
"S01003382","S03000024"
"S01003429","S03000024"
"S01003438","S03000024"
"S01003355","S03000016"
"S01003370","S03000016"
"S01003356","S03000016"
"S01003342","S03000016"
"S01003353","S03000016"
"S01003347","S03000016"
"S01003416","S03000024"
"S01003391","S03000016"
"S01003371","S03000016"
"S01003380","S03000016"
"S01003313","S03000016"
"S01003409","S03000016"
"S01003395","S03000016"
"S01003385","S03000016"
"S01003417","S03000016"
"S01003392","S03000016"
"S01003387","S03000016"
"S01003406","S03000016"
"S01003422","S03000016"
"S01003426","S03000016"
"S01003389","S03000016"
"S01003378","S03000016"
"S01003279","S03000016"
"S01003314","S03000016"
"S01003247","S03000016"
"S01003269","S03000016"
"S01003273","S03000016"
"S01003253","S03000016"
"S01003208","S03000016"
"S01003226","S03000016"
"S01003296","S03000016"
"S01003249","S03000016"
"S01003289","S03000016"
"S01003337","S03000016"
"S01003299","S03000016"
"S01003372","S03000016"
"S01003295","S03000016"
"S01003377","S03000016"
"S01003363","S03000016"
"S01003329","S03000016"
"S01003340","S03000016"
"S01003305","S03000016"
"S01003360","S03000016"
"S01003292","S03000016"
"S01003336","S03000016"
"S01003233","S03000016"
"S01003260","S03000016"
"S01003400","S03000016"
"S01003354","S03000016"
"S01003369","S03000016"
"S01003381","S03000016"
"S01003393","S03000016"
"S01003383","S03000016"
"S01003361","S03000016"
"S01003281","S03000016"
"S01003290","S03000016"
"S01003293","S03000016"
"S01003262","S03000016"
"S01003266","S03000016"
"S01003228","S03000016"
"S01003301","S03000016"
"S01003309","S03000016"
"S01003275","S03000016"
"S01003223","S03000016"
"S01003235","S03000016"
"S01003151","S03000016"
"S01003148","S03000016"
"S01003162","S03000016"
"S01003145","S03000016"
"S01003199","S03000016"
"S01003180","S03000016"
"S01003195","S03000016"
"S01003197","S03000016"
"S01003193","S03000016"
"S01003213","S03000016"
"S01003194","S03000016"
"S01003267","S03000016"
"S01003241","S03000016"
"S01003212","S03000016"
"S01003246","S03000016"
"S01003224","S03000016"
"S01003613","S03000019"
"S01003626","S03000019"
"S01003486","S03000016"
"S01003516","S03000019"
"S01003489","S03000019"
"S01003515","S03000019"
"S01003550","S03000019"
"S01003641","S03000019"
"S01001425","S03000015"
"S01003431","S03000016"
"S01003448","S03000016"
"S01003461","S03000016"
"S01003452","S03000016"
"S01003407","S03000016"
"S01003427","S03000016"
"S01003440","S03000016"
"S01003523","S03000016"
"S01003421","S03000016"
"S01003404","S03000016"
"S01003413","S03000016"
"S01003428","S03000016"
"S01003419","S03000016"
"S01003401","S03000016"
"S01003471","S03000016"
"S01003459","S03000016"
"S01003332","S03000016"
"S01003343","S03000016"
"S01003397","S03000016"
"S01003379","S03000016"
"S01003376","S03000016"
"S01003390","S03000016"
"S01003352","S03000016"
"S01003374","S03000016"
"S01003317","S03000016"
"S01003455","S03000016"
"S01003502","S03000016"
"S01003476","S03000016"
"S01003467","S03000016"
"S01003528","S03000016"
"S01003483","S03000016"
"S01003512","S03000016"
"S01004838","S03000029"
"S01004833","S03000029"
"S01004847","S03000029"
"S01004836","S03000029"
"S01004842","S03000029"
"S01004834","S03000029"
"S01003588","S03000019"
"S01003398","S03000016"
"S01003394","S03000016"
"S01003405","S03000016"
"S01003414","S03000016"
"S01003456","S03000016"
"S01003435","S03000016"
"S01003434","S03000016"
"S01003420","S03000016"
"S01003402","S03000016"
"S01003444","S03000016"
"S01003462","S03000016"
"S01003415","S03000024"
"S01003333","S03000016"
"S01003474","S03000024"
"S01003485","S03000024"
"S01003271","S03000016"
"S01003248","S03000016"
"S01003270","S03000016"
"S01003205","S03000016"
"S01003254","S03000016"
"S01003331","S03000016"
"S01003263","S03000016"
"S01003251","S03000016"
"S01003217","S03000016"
"S01003201","S03000016"
"S01003286","S03000022"
"S01003227","S03000021"
"S01003315","S03000022"
"S01003187","S03000021"
"S01003303","S03000022"
"S01003177","S03000021"
"S01003256","S03000021"
"S01003236","S03000021"
"S01003232","S03000021"
"S01003274","S03000021"
"S01003222","S03000021"
"S01003176","S03000021"
"S01003168","S03000021"
"S01003156","S03000021"
"S01003166","S03000021"
"S01003207","S03000021"
"S01003211","S03000021"
"S01003220","S03000021"
"S01003192","S03000021"
"S01003154","S03000021"
"S01003146","S03000021"
"S01003133","S03000021"
"S01003149","S03000021"
"S01003129","S03000021"
"S01003141","S03000021"
"S01003157","S03000021"
"S01003137","S03000021"
"S01003139","S03000021"
"S01003138","S03000021"
"S01003153","S03000021"
"S01003163","S03000021"
"S01003170","S03000021"
"S01003171","S03000021"
"S01003196","S03000021"
"S01003186","S03000021"
"S01003229","S03000021"
"S01003210","S03000021"
"S01003257","S03000021"
"S01003280","S03000022"
"S01003242","S03000022"
"S01003250","S03000022"
"S01003234","S03000021"
"S01003135","S03000021"
"S01003159","S03000021"
"S01003142","S03000021"
"S01003122","S03000021"
"S01003134","S03000021"
"S01003150","S03000021"
"S01003158","S03000021"
"S01003152","S03000021"
"S01003185","S03000021"
"S01003165","S03000021"
"S01003198","S03000021"
"S01003206","S03000021"
"S01003225","S03000021"
"S01003190","S03000021"
"S01003191","S03000021"
"S01003188","S03000021"
"S01003200","S03000021"
"S01003189","S03000021"
"S01003174","S03000021"
"S01003175","S03000021"
"S01003173","S03000021"
"S01003172","S03000021"
"S01003164","S03000021"
"S01003183","S03000021"
"S01003179","S03000021"
"S01003143","S03000021"
"S01003130","S03000021"
"S01003136","S03000021"
"S01003128","S03000021"
"S01003116","S03000021"
"S01003131","S03000021"
"S01003124","S03000021"
"S01003117","S03000021"
"S01003125","S03000021"
"S01003109","S03000021"
"S01003104","S03000022"
"S01003118","S03000022"
"S01003086","S03000022"
"S01003069","S03000022"
"S01003077","S03000022"
"S01003092","S03000022"
"S01003126","S03000022"
"S01003115","S03000022"
"S01003132","S03000022"
"S01003070","S03000022"
"S01003089","S03000022"
"S01003093","S03000022"
"S01003100","S03000022"
"S01003106","S03000022"
"S01003110","S03000022"
"S01003095","S03000022"
"S01003094","S03000022"
"S01003090","S03000022"
"S01003078","S03000022"
"S01003071","S03000022"
"S01003074","S03000022"
"S01003079","S03000021"
"S01003059","S03000021"
"S01003065","S03000021"
"S01001756","S03000017"
"S01001775","S03000017"
"S01001782","S03000017"
"S01003066","S03000021"
"S01001777","S03000017"
"S01001748","S03000017"
"S01001758","S03000017"
"S01003026","S03000021"
"S01001763","S03000017"
"S01001745","S03000017"
"S01003068","S03000021"
"S01003108","S03000021"
"S01003098","S03000021"
"S01003114","S03000021"
"S01003103","S03000021"
"S01003113","S03000021"
"S01003102","S03000021"
"S01003105","S03000021"
"S01006046","S03000030"
"S01003119","S03000021"
"S01003127","S03000021"
"S01003112","S03000021"
"S01003085","S03000021"
"S01003067","S03000021"
"S01003061","S03000021"
"S01003050","S03000021"
"S01003075","S03000021"
"S01003054","S03000021"
"S01003080","S03000021"
"S01003057","S03000021"
"S01003073","S03000021"
"S01003063","S03000021"
"S01003091","S03000021"
"S01003087","S03000021"
"S01003096","S03000021"
"S01003044","S03000021"
"S01003060","S03000021"
"S01003046","S03000021"
"S01003043","S03000021"
"S01003042","S03000021"
"S01003035","S03000021"
"S01003032","S03000021"
"S01003031","S03000021"
"S01003033","S03000021"
"S01003028","S03000021"
"S01003029","S03000021"
"S01003030","S03000021"
"S01003049","S03000021"
"S01003048","S03000021"
"S01003036","S03000021"
"S01003040","S03000021"
"S01003052","S03000021"
"S01003047","S03000021"
"S01001784","S03000017"
"S01001781","S03000017"
"S01001779","S03000017"
"S01001769","S03000017"
"S01001764","S03000017"
"S01001767","S03000017"
"S01001772","S03000017"
"S01001762","S03000017"
"S01001754","S03000017"
"S01001752","S03000017"
"S01001746","S03000017"
"S01001738","S03000017"
"S01001736","S03000017"
"S01001723","S03000017"
"S01001721","S03000017"
"S01001720","S03000017"
"S01001704","S03000017"
"S01001755","S03000017"
"S01001766","S03000017"
"S01001774","S03000017"
"S01001771","S03000017"
"S01001780","S03000017"
"S01001773","S03000017"
"S01001768","S03000017"
"S01003072","S03000022"
"S01003039","S03000022"
"S01003037","S03000022"
"S01003027","S03000022"
"S01003034","S03000022"
"S01003045","S03000022"
"S01003056","S03000022"
"S01003055","S03000022"
"S01003064","S03000022"
"S01003081","S03000022"
"S01003076","S03000022"
"S01003202","S03000021"
"S01003268","S03000021"
"S01003285","S03000021"
"S01003245","S03000021"
"S01003272","S03000021"
"S01003297","S03000021"
"S01003302","S03000022"
"S01003351","S03000022"
"S01003322","S03000022"
"S01003327","S03000022"
"S01003320","S03000022"
"S01003338","S03000022"
"S01003436","S03000022"
"S01003348","S03000022"
"S01003304","S03000022"
"S01003319","S03000022"
"S01003316","S03000022"
"S01003357","S03000022"
"S01003388","S03000022"
"S01003418","S03000022"
"S01003365","S03000022"
"S01003324","S03000022"
"S01003441","S03000022"
"S01003367","S03000022"
"S01003412","S03000022"
"S01003396","S03000022"
"S01003364","S03000022"
"S01003384","S03000022"
"S01003424","S03000022"
"S01003411","S03000022"
"S01003349","S03000022"
"S01005325","S03000020"
"S01003346","S03000022"
"S01003375","S03000022"
"S01003386","S03000022"
"S01003284","S03000022"
"S01003306","S03000022"
"S01003294","S03000022"
"S01003264","S03000022"
"S01003230","S03000022"
"S01003219","S03000022"
"S01003255","S03000022"
"S01003209","S03000022"
"S01003203","S03000022"
"S01003178","S03000022"
"S01003298","S03000022"
"S01003325","S03000022"
"S01003278","S03000022"
"S01003307","S03000022"
"S01003326","S03000022"
"S01003310","S03000022"
"S01003339","S03000022"
"S01003345","S03000022"
"S01003282","S03000022"
"S01003291","S03000022"
"S01003261","S03000022"
"S01003312","S03000022"
"S01003287","S03000022"
"S01003221","S03000022"
"S01003239","S03000022"
"S01003218","S03000022"
"S01003265","S03000022"
"S01003238","S03000022"
"S01003240","S03000022"
"S01003243","S03000022"
"S01003216","S03000022"
"S01003308","S03000022"
"S01003334","S03000022"
"S01003344","S03000022"
"S01005293","S03000020"
"S01003362","S03000022"
"S01003350","S03000022"
"S01003140","S03000022"
"S01003160","S03000022"
"S01003167","S03000022"
"S01003182","S03000022"
"S01003144","S03000022"
"S01003147","S03000022"
"S01003161","S03000022"
"S01003184","S03000022"
"S01003181","S03000022"
"S01003204","S03000022"
"S01003169","S03000022"
"S01003215","S03000022"
"S01003155","S03000022"
"S01003121","S03000022"
"S01003111","S03000022"
"S01003107","S03000022"
"S01003101","S03000022"
"S01003099","S03000022"
"S01003097","S03000022"
"S01003082","S03000022"
"S01003083","S03000022"
"S01003084","S03000022"
"S01003120","S03000022"
"S01003062","S03000022"
"S01003088","S03000022"
"S01003051","S03000022"
"S01003123","S03000022"
"S01003053","S03000022"
"S01003058","S03000022"
"S01003041","S03000022"
"S01001789","S03000017"
"S01003038","S03000022"
"S01006233","S03000023"
"S01006247","S03000023"
"S01006220","S03000023"
"S01006216","S03000023"
"S01006209","S03000023"
"S01006219","S03000023"
"S01006212","S03000023"
"S01006206","S03000023"
"S01006243","S03000023"
"S01006224","S03000023"
"S01001447","S03000015"
"S01001438","S03000015"
"S01001436","S03000015"
"S01001445","S03000015"
"S01001454","S03000015"
"S01001465","S03000015"
"S01001443","S03000015"
"S01001440","S03000015"
"S01001456","S03000015"
"S01001451","S03000015"
"S01001449","S03000015"
"S01001469","S03000015"
"S01001466","S03000015"
"S01001452","S03000015"
"S01001462","S03000015"
"S01001459","S03000015"
"S01001473","S03000015"
"S01001486","S03000015"
"S01001496","S03000015"
"S01001483","S03000015"
"S01001495","S03000015"
"S01001484","S03000015"
"S01001491","S03000015"
"S01001475","S03000015"
"S01001470","S03000015"
"S01001476","S03000015"
"S01001489","S03000015"
"S01001508","S03000015"
"S01001488","S03000015"
"S01001482","S03000015"
"S01001481","S03000015"
"S01001498","S03000015"
"S01001540","S03000015"
"S01001507","S03000015"
"S01001517","S03000015"
"S01001519","S03000015"
"S01001501","S03000015"
"S01001515","S03000015"
"S01001511","S03000015"
"S01001532","S03000015"
"S01001526","S03000015"
"S01001527","S03000015"
"S01001530","S03000015"
"S01001534","S03000015"
"S01001518","S03000015"
"S01001538","S03000015"
"S01001529","S03000015"
"S01001523","S03000015"
"S01001533","S03000015"
"S01006294","S03000023"
"S01001427","S03000015"
"S01001444","S03000015"
"S01001432","S03000015"
"S01001431","S03000015"
"S01001434","S03000015"
"S01001433","S03000015"
"S01001437","S03000015"
"S01001442","S03000015"
"S01001428","S03000015"
"S01001429","S03000015"
"S01001424","S03000015"
"S01001426","S03000015"
"S01001430","S03000015"
"S01001435","S03000015"
"S01001441","S03000015"
"S01001439","S03000015"
"S01001463","S03000015"
"S01001468","S03000015"
"S01001448","S03000015"
"S01001474","S03000015"
"S01001458","S03000015"
"S01001446","S03000015"
"S01001450","S03000015"
"S01001455","S03000015"
"S01001460","S03000015"
"S01001461","S03000015"
"S01001499","S03000015"
"S01001528","S03000015"
"S01001535","S03000015"
"S01004936","S03000029"
"S01004932","S03000029"
"S01004931","S03000029"
"S01004930","S03000029"
"S01004934","S03000029"
"S01004933","S03000029"
"S01004944","S03000029"
"S01001537","S03000015"
"S01004943","S03000029"
"S01001549","S03000015"
"S01001548","S03000015"
"S01001545","S03000015"
"S01001546","S03000015"
"S01001547","S03000015"
"S01001544","S03000015"
"S01001541","S03000015"
"S01001531","S03000015"
"S01001542","S03000015"
"S01001539","S03000015"
"S01001543","S03000015"
"S01004939","S03000029"
"S01004935","S03000029"
"S01004938","S03000029"
"S01004940","S03000029"
"S01004942","S03000029"
"S01004913","S03000029"
"S01004941","S03000029"
"S01001536","S03000015"
"S01001510","S03000015"
"S01001505","S03000015"
"S01001506","S03000015"
"S01001504","S03000015"
"S01001497","S03000015"
"S01001490","S03000015"
"S01001522","S03000015"
"S01001509","S03000015"
"S01001500","S03000015"
"S01001516","S03000015"
"S01001513","S03000015"
"S01001512","S03000015"
"S01001524","S03000015"
"S01001520","S03000015"
"S01001514","S03000015"
"S01001525","S03000015"
"S01001492","S03000015"
"S01001480","S03000015"
"S01001485","S03000015"
"S01001494","S03000015"
"S01001493","S03000015"
"S01001503","S03000015"
"S01001502","S03000015"
"S01001487","S03000015"
"S01001479","S03000015"
"S01001477","S03000015"
"S01001472","S03000015"
"S01001471","S03000015"
"S01001457","S03000015"
"S01001478","S03000015"
"S01001464","S03000015"
"S01001467","S03000015"
"S01004853","S03000029"
"S01001453","S03000015"
"S01004893","S03000029"
"S01004902","S03000029"
"S01004904","S03000029"
"S01004894","S03000029"
"S01004881","S03000029"
"S01004897","S03000029"
"S01004878","S03000029"
"S01004883","S03000029"
"S01004873","S03000029"
"S01004906","S03000029"
"S01004901","S03000029"
"S01004895","S03000029"
"S01004874","S03000029"
"S01004925","S03000029"
"S01004916","S03000029"
"S01004909","S03000029"
"S01004899","S03000029"
"S01004891","S03000029"
"S01004890","S03000029"
"S01004882","S03000029"
"S01004880","S03000029"
"S01004885","S03000029"
"S01004879","S03000029"
"S01004886","S03000029"
"S01004915","S03000029"
"S01004875","S03000029"
"S01004898","S03000029"
"S01004919","S03000029"
"S01004912","S03000029"
"S01004905","S03000029"
"S01004929","S03000029"
"S01004927","S03000029"
"S01004921","S03000029"
"S01004924","S03000029"
"S01004908","S03000029"
"S01004920","S03000029"
"S01004910","S03000029"
"S01004850","S03000029"
"S01004856","S03000029"
"S01004862","S03000029"
"S01004867","S03000029"
"S01004871","S03000029"
"S01004876","S03000029"
"S01004868","S03000029"
"S01004872","S03000029"
"S01004863","S03000029"
"S01004864","S03000029"
"S01004866","S03000029"
"S01004860","S03000029"
"S01004870","S03000029"
"S01004869","S03000029"
"S01004928","S03000029"
"S01004926","S03000029"
"S01004911","S03000029"
"S01004923","S03000029"
"S01004917","S03000029"
"S01004918","S03000029"
"S01004914","S03000029"
"S01004907","S03000029"
"S01004922","S03000029"
"S01004889","S03000029"
"S01004900","S03000029"
"S01004892","S03000029"
"S01004865","S03000029"
"S01004896","S03000029"
"S01004903","S03000029"
"S01004877","S03000029"
"S01004884","S03000029"
"S01004888","S03000029"
"S01004849","S03000029"
"S01004855","S03000029"
"S01004858","S03000029"
"S01004852","S03000029"
"S01004851","S03000029"
"S01004857","S03000029"
"S01004859","S03000029"
"S01004854","S03000029"
"S01004861","S03000029"
"S01003259","S03000016"
"S01003277","S03000016"
"S01003318","S03000016"
"S01003341","S03000016"
"S01003321","S03000016"
"S01003359","S03000016"
"S01003300","S03000016"
"S01003283","S03000016"
"S01004844","S03000029"
"S01003276","S03000016"
"S01003288","S03000016"
"S01003311","S03000016"
"S01003323","S03000016"
"S01003330","S03000016"
"S01003237","S03000016"
"S01003244","S03000016"
"S01003231","S03000016"
"S01003214","S03000016"
"S01003258","S03000016"
"S01004758","S03000029"
"S01004734","S03000029"
"S01003252","S03000016"
"S01004815","S03000029"
"S01004744","S03000029"
"S01004737","S03000029"
"S01004726","S03000029"
"S01004832","S03000029"
"S01004843","S03000029"
"S01004841","S03000029"
"S01004848","S03000029"
"S01004845","S03000029"
"S01004662","S03000029"
"S01004687","S03000029"
"S01004696","S03000029"
"S01004707","S03000029"
"S01004684","S03000029"
"S01004686","S03000029"
"S01004694","S03000029"
"S01004692","S03000029"
"S01004699","S03000029"
"S01004709","S03000029"
"S01004700","S03000029"
"S01004698","S03000029"
"S01004688","S03000029"
"S01004702","S03000029"
"S01004691","S03000029"
"S01004697","S03000029"
"S01006021","S03000030"
"S01004690","S03000029"
"S01004680","S03000029"
"S01004676","S03000029"
"S01006045","S03000030"
"S01004683","S03000029"
"S01006032","S03000030"
"S01004695","S03000029"
"S01006056","S03000030"
"S01006039","S03000030"
"S01006028","S03000030"
"S01006013","S03000030"
"S01006017","S03000030"
"S01005976","S03000030"
"S01005984","S03000030"
"S01005966","S03000030"
"S01006001","S03000030"
"S01005986","S03000030"
"S01005978","S03000030"
"S01005985","S03000030"
"S01005994","S03000030"
"S01004618","S03000029"
"S01005989","S03000030"
"S01005972","S03000030"
"S01005948","S03000030"
"S01005967","S03000030"
"S01005973","S03000030"
"S01005763","S03000030"
"S01005970","S03000030"
"S01005964","S03000030"
"S01005959","S03000030"
"S01005962","S03000030"
"S01005963","S03000030"
"S01005954","S03000030"
"S01005958","S03000030"
"S01005804","S03000030"
"S01005965","S03000030"
"S01005961","S03000030"
"S01005905","S03000030"
"S01005956","S03000030"
"S01006036","S03000030"
"S01006033","S03000030"
"S01006031","S03000030"
"S01006043","S03000030"
"S01006047","S03000030"
"S01006004","S03000030"
"S01006060","S03000030"
"S01006041","S03000030"
"S01005996","S03000030"
"S01006019","S03000030"
"S01006034","S03000030"
"S01006012","S03000030"
"S01006014","S03000030"
"S01006040","S03000030"
"S01006018","S03000030"
"S01005968","S03000030"
"S01005991","S03000030"
"S01006029","S03000030"
"S01006023","S03000030"
"S01005999","S03000030"
"S01006016","S03000030"
"S01006010","S03000030"
"S01005998","S03000030"
"S01006009","S03000030"
"S01005993","S03000030"
"S01005990","S03000030"
"S01006025","S03000030"
"S01005997","S03000030"
"S01006005","S03000030"
"S01006008","S03000030"
"S01006003","S03000030"
"S01005979","S03000030"
"S01005975","S03000030"
"S01005974","S03000030"
"S01005971","S03000030"
"S01005969","S03000030"
"S01005977","S03000030"
"S01005983","S03000030"
"S01005980","S03000030"
"S01005960","S03000030"
"S01006066","S03000030"
"S01006064","S03000030"
"S01006065","S03000030"
"S01006063","S03000030"
"S01006061","S03000030"
"S01006057","S03000030"
"S01006062","S03000030"
"S01006058","S03000030"
"S01006051","S03000030"
"S01006052","S03000030"
"S01006037","S03000030"
"S01006035","S03000030"
"S01006044","S03000030"
"S01006049","S03000030"
"S01006050","S03000030"
"S01006054","S03000030"
"S01005982","S03000030"
"S01006059","S03000030"
"S01006053","S03000030"
"S01006048","S03000030"
"S01006055","S03000030"
"S01006038","S03000030"
"S01006030","S03000030"
"S01006042","S03000030"
"S01006027","S03000030"
"S01005987","S03000030"
"S01005988","S03000030"
"S01005992","S03000030"
"S01006000","S03000030"
"S01006011","S03000030"
"S01006006","S03000030"
"S01006020","S03000030"
"S01006002","S03000030"
"S01006022","S03000030"
"S01006026","S03000030"
"S01006024","S03000030"
"S01005981","S03000030"
"S01006015","S03000030"
"S01005995","S03000030"
"S01006007","S03000030"
"S01005866","S03000030"
"S01005870","S03000030"
"S01005894","S03000030"
"S01005877","S03000030"
"S01005898","S03000030"
"S01005881","S03000030"
"S01005901","S03000030"
"S01005909","S03000030"
"S01005883","S03000030"
"S01005871","S03000030"
"S01005872","S03000030"
"S01005862","S03000030"
"S01005844","S03000030"
"S01005868","S03000030"
"S01005852","S03000030"
"S01005859","S03000030"
"S01005845","S03000030"
"S01005830","S03000030"
"S01005895","S03000030"
"S01005915","S03000030"
"S01005918","S03000030"
"S01005922","S03000030"
"S01005942","S03000030"
"S01005904","S03000030"
"S01005920","S03000030"
"S01005897","S03000030"
"S01005934","S03000030"
"S01005935","S03000030"
"S01005945","S03000030"
"S01005943","S03000030"
"S01005931","S03000030"
"S01005949","S03000030"
"S01005950","S03000030"
"S01005923","S03000030"
"S01005887","S03000030"
"S01005893","S03000030"
"S01005912","S03000030"
"S01005930","S03000030"
"S01005889","S03000030"
"S01005924","S03000030"
"S01005903","S03000030"
"S01005937","S03000030"
"S01005929","S03000030"
"S01005910","S03000030"
"S01005933","S03000030"
"S01005919","S03000030"
"S01005925","S03000030"
"S01005941","S03000030"
"S01005916","S03000030"
"S01005882","S03000030"
"S01005861","S03000030"
"S01005863","S03000030"
"S01005847","S03000030"
"S01005851","S03000030"
"S01005834","S03000030"
"S01005816","S03000030"
"S01005815","S03000030"
"S01005789","S03000030"
"S01005846","S03000030"
"S01005840","S03000030"
"S01005801","S03000030"
"S01005749","S03000030"
"S01005786","S03000030"
"S01005810","S03000030"
"S01005825","S03000030"
"S01005821","S03000030"
"S01005864","S03000030"
"S01005856","S03000030"
"S01005824","S03000030"
"S01005817","S03000030"
"S01005793","S03000030"
"S01005841","S03000030"
"S01005828","S03000030"
"S01005822","S03000030"
"S01005839","S03000030"
"S01005829","S03000030"
"S01005853","S03000030"
"S01005860","S03000030"
"S01005835","S03000030"
"S01005827","S03000030"
"S01005873","S03000030"
"S01005812","S03000030"
"S01005836","S03000030"
"S01005811","S03000030"
"S01005808","S03000030"
"S01005799","S03000030"
"S01005823","S03000030"
"S01005787","S03000030"
"S01005790","S03000030"
"S01005795","S03000030"
"S01005837","S03000030"
"S01005813","S03000030"
"S01005820","S03000030"
"S01005784","S03000030"
"S01005807","S03000030"
"S01005809","S03000030"
"S01005780","S03000030"
"S01005798","S03000030"
"S01005792","S03000030"
"S01005803","S03000030"
"S01001674","S03000017"
"S01001672","S03000017"
"S01001670","S03000017"
"S01001673","S03000017"
"S01001677","S03000017"
"S01001671","S03000017"
"S01001675","S03000017"
"S01001722","S03000017"
"S01001727","S03000017"
"S01001714","S03000017"
"S01001701","S03000017"
"S01001719","S03000017"
"S01001706","S03000017"
"S01001730","S03000017"
"S01001735","S03000017"
"S01001717","S03000017"
"S01001734","S03000017"
"S01001728","S03000017"
"S01001726","S03000017"
"S01001711","S03000017"
"S01001731","S03000017"
"S01001739","S03000017"
"S01001737","S03000017"
"S01001718","S03000017"
"S01001707","S03000017"
"S01001694","S03000017"
"S01001729","S03000017"
"S01001710","S03000017"
"S01001698","S03000017"
"S01001689","S03000017"
"S01003025","S03000021"
"S01001685","S03000017"
"S01001681","S03000017"
"S01001676","S03000017"
"S01001688","S03000017"
"S01001680","S03000017"
"S01001687","S03000017"
"S01001691","S03000017"
"S01001686","S03000017"
"S01001695","S03000017"
"S01001679","S03000017"
"S01001696","S03000017"
"S01001683","S03000017"
"S01001700","S03000017"
"S01001692","S03000017"
"S01001715","S03000017"
"S01001713","S03000017"
"S01001690","S03000017"
"S01001703","S03000017"
"S01001702","S03000017"
"S01001709","S03000017"
"S01001697","S03000017"
"S01001708","S03000017"
"S01001678","S03000017"
"S01001705","S03000017"
"S01001699","S03000017"
"S01001693","S03000017"
"S01001770","S03000017"
"S01001778","S03000017"
"S01001761","S03000017"
"S01001776","S03000017"
"S01001783","S03000017"
"S01001765","S03000017"
"S01001757","S03000017"
"S01001759","S03000017"
"S01001786","S03000017"
"S01001740","S03000017"
"S01001788","S03000017"
"S01001785","S03000017"
"S01001787","S03000017"
"S01001751","S03000017"
"S01001732","S03000017"
"S01001733","S03000017"
"S01005172","S03000020"
"S01001749","S03000017"
"S01001744","S03000017"
"S01001750","S03000017"
"S01001747","S03000017"
"S01001742","S03000017"
"S01001760","S03000017"
"S01001743","S03000017"
"S01001753","S03000017"
"S01001741","S03000017"
"S01001682","S03000017"
"S01001725","S03000017"
"S01001716","S03000017"
"S01001724","S03000017"
"S01001712","S03000017"
"S01001684","S03000017"
"S01006179","S03000023"
"S01006181","S03000023"
"S01006183","S03000023"
"S01006182","S03000023"
"S01006186","S03000023"
"S01006180","S03000023"
"S01006193","S03000023"
"S01006199","S03000023"
"S01006203","S03000023"
"S01006205","S03000023"
"S01006197","S03000023"
"S01006194","S03000023"
"S01006190","S03000023"
"S01006192","S03000023"
"S01006189","S03000023"
"S01006187","S03000023"
"S01006185","S03000023"
"S01006184","S03000023"
"S01006195","S03000023"
"S01006196","S03000023"
"S01006200","S03000023"
"S01006204","S03000023"
"S01006210","S03000023"
"S01006208","S03000023"
"S01006214","S03000023"
"S01006213","S03000023"
"S01006198","S03000023"
"S01006202","S03000023"
"S01006191","S03000023"
"S01006188","S03000023"
"S01006201","S03000023"
"S01006207","S03000023"
"S01006211","S03000023"
"S01006230","S03000023"
"S01006227","S03000023"
"S01006231","S03000023"
"S01006229","S03000023"
"S01006217","S03000023"
"S01006225","S03000023"
"S01006218","S03000023"
"S01006215","S03000023"
"S01006223","S03000023"
"S01006221","S03000023"
"S01006222","S03000023"
"S01006226","S03000023"
"S01006228","S03000023"
"S01006241","S03000023"
"S01006232","S03000023"
"S01006238","S03000023"
"S01006234","S03000023"
"S01006236","S03000023"
"S01006262","S03000023"
"S01006249","S03000023"
"S01006251","S03000023"
"S01006257","S03000023"
"S01006252","S03000023"
"S01006244","S03000023"
"S01006242","S03000023"
"S01006235","S03000023"
"S01006239","S03000023"
"S01006255","S03000023"
"S01006261","S03000023"
"S01006259","S03000023"
"S01006260","S03000023"
"S01006258","S03000023"
"S01006248","S03000023"
"S01006275","S03000023"
"S01006246","S03000023"
"S01006237","S03000023"
"S01006263","S03000023"
"S01006266","S03000023"
"S01006240","S03000023"
"S01006245","S03000023"
"S01006272","S03000023"
"S01006256","S03000023"
"S01006253","S03000023"
"S01006254","S03000023"
"S01006250","S03000023"
"S01000758","S03000023"
"S01006278","S03000023"
"S01006277","S03000023"
"S01006286","S03000023"
"S01006280","S03000023"
"S01006287","S03000023"
"S01006282","S03000023"
"S01006281","S03000023"
"S01006284","S03000023"
"S01006283","S03000023"
"S01006270","S03000023"
"S01006288","S03000023"
"S01006285","S03000023"
"S01006289","S03000023"
"S01006292","S03000023"
"S01006290","S03000023"
"S01006291","S03000023"
"S01006293","S03000023"
"S01006279","S03000023"
"S01006276","S03000023"
"S01006268","S03000023"
"S01006267","S03000023"
"S01006271","S03000023"
"S01006274","S03000023"
"S01006273","S03000023"
"S01006269","S03000023"
"S01006265","S03000023"
"S01006264","S03000023"
"S01004596","S03000029"
"S01004577","S03000029"
"S01004587","S03000029"
"S01004613","S03000029"
"S01004566","S03000029"
"S01004604","S03000029"
"S01004606","S03000029"
"S01004616","S03000029"
"S01004607","S03000029"
"S01004603","S03000029"
"S01004583","S03000029"
"S01004588","S03000029"
"S01004575","S03000029"
"S01004579","S03000029"
"S01004564","S03000029"
"S01004567","S03000029"
"S01004554","S03000029"
"S01004565","S03000029"
"S01004547","S03000029"
"S01004531","S03000029"
"S01004543","S03000029"
"S01004563","S03000029"
"S01004549","S03000029"
"S01004550","S03000029"
"S01004556","S03000029"
"S01004586","S03000029"
"S01004578","S03000029"
"S01004574","S03000029"
"S01004589","S03000029"
"S01004595","S03000029"
"S01004601","S03000029"
"S01004612","S03000029"
"S01004608","S03000029"
"S01004597","S03000029"
"S01004605","S03000029"
"S01004600","S03000029"
"S01004610","S03000029"
"S01004609","S03000029"
"S01004619","S03000029"
"S01004623","S03000029"
"S01004620","S03000029"
"S01004614","S03000029"
"S01004622","S03000029"
"S01004617","S03000029"
"S01004624","S03000029"
"S01004671","S03000029"
"S01004630","S03000029"
"S01004633","S03000029"
"S01004626","S03000029"
"S01004643","S03000029"
"S01004675","S03000029"
"S01004704","S03000029"
"S01004649","S03000029"
"S01004660","S03000029"
"S01004665","S03000029"
"S01004666","S03000029"
"S01004663","S03000029"
"S01004672","S03000029"
"S01004681","S03000029"
"S01004640","S03000029"
"S01004642","S03000029"
"S01004634","S03000029"
"S01004650","S03000029"
"S01004651","S03000029"
"S01004647","S03000029"
"S01004615","S03000029"
"S01004658","S03000029"
"S01004644","S03000029"
"S01004621","S03000029"
"S01004715","S03000029"
"S01004625","S03000029"
"S01005718","S03000030"
"S01005711","S03000030"
"S01005719","S03000030"
"S01005709","S03000030"
"S01005741","S03000030"
"S01005733","S03000030"
"S01005689","S03000030"
"S01005700","S03000030"
"S01005722","S03000030"
"S01005724","S03000030"
"S01005685","S03000030"
"S01005720","S03000030"
"S01005716","S03000030"
"S01005723","S03000030"
"S01005714","S03000030"
"S01005746","S03000030"
"S01005684","S03000030"
"S01005683","S03000030"
"S01005680","S03000030"
"S01005687","S03000030"
"S01005679","S03000030"
"S01005686","S03000030"
"S01005688","S03000030"
"S01005674","S03000030"
"S01005676","S03000030"
"S01005672","S03000030"
"S01005670","S03000030"
"S01005726","S03000030"
"S01005708","S03000030"
"S01005707","S03000030"
"S01005715","S03000030"
"S01005693","S03000030"
"S01005713","S03000030"
"S01005704","S03000030"
"S01005701","S03000030"
"S01005717","S03000030"
"S01005699","S03000030"
"S01005712","S03000030"
"S01005705","S03000030"
"S01005706","S03000030"
"S01005850","S03000030"
"S01005865","S03000030"
"S01005802","S03000030"
"S01005838","S03000030"
"S01005739","S03000030"
"S01005692","S03000030"
"S01005732","S03000030"
"S01005725","S03000030"
"S01005721","S03000030"
"S01005730","S03000030"
"S01005695","S03000030"
"S01005727","S03000030"
"S01005691","S03000030"
"S01005702","S03000030"
"S01005698","S03000030"
"S01005675","S03000030"
"S01005696","S03000030"
"S01005677","S03000030"
"S01005697","S03000030"
"S01005694","S03000030"
"S01005710","S03000030"
"S01005703","S03000030"
"S01005681","S03000030"
"S01005682","S03000030"
"S01005690","S03000030"
"S01005673","S03000030"
"S01005678","S03000030"
"S01005671","S03000030"
"S01004552","S03000029"
"S01004535","S03000029"
"S01004542","S03000029"
"S01004532","S03000029"
"S01004541","S03000029"
"S01004544","S03000029"
"S01004530","S03000029"
"S01004529","S03000029"
"S01004537","S03000029"
"S01004533","S03000029"
"S01004536","S03000029"
"S01004534","S03000029"
"S01004528","S03000029"
"S01004545","S03000029"
"S01004555","S03000029"
"S01004559","S03000029"
"S01004553","S03000029"
"S01004573","S03000029"
"S01004571","S03000029"
"S01004582","S03000029"
"S01004598","S03000029"
"S01004581","S03000029"
"S01004561","S03000029"
"S01004560","S03000029"
"S01004569","S03000029"
"S01004548","S03000029"
"S01004540","S03000029"
"S01004538","S03000029"
"S01004546","S03000029"
"S01004576","S03000029"
"S01004539","S03000029"
"S01004558","S03000029"
"S01004590","S03000029"
"S01004562","S03000029"
"S01004557","S03000029"
"S01004572","S03000029"
"S01004570","S03000029"
"S01004568","S03000029"
"S01004580","S03000029"
"S01004602","S03000029"
"S01004592","S03000029"
"S01004551","S03000029"
"S01004584","S03000029"
"S01004593","S03000029"
"S01004585","S03000029"
"S01004594","S03000029"
"S01004591","S03000029"
"S01005796","S03000030"
"S01005952","S03000030"
"S01005955","S03000030"
"S01005940","S03000030"
"S01005953","S03000030"
"S01005957","S03000030"
"S01005951","S03000030"
"S01005947","S03000030"
"S01005938","S03000030"
"S01005886","S03000030"
"S01005926","S03000030"
"S01005907","S03000030"
"S01005914","S03000030"
"S01005927","S03000030"
"S01005908","S03000030"
"S01005892","S03000030"
"S01005899","S03000030"
"S01005879","S03000030"
"S01005880","S03000030"
"S01005857","S03000030"
"S01005832","S03000030"
"S01005819","S03000030"
"S01005818","S03000030"
"S01005831","S03000030"
"S01005902","S03000030"
"S01005900","S03000030"
"S01005855","S03000030"
"S01005805","S03000030"
"S01005884","S03000030"
"S01005876","S03000030"
"S01005842","S03000030"
"S01005826","S03000030"
"S01005814","S03000030"
"S01005849","S03000030"
"S01005833","S03000030"
"S01005854","S03000030"
"S01005874","S03000030"
"S01005867","S03000030"
"S01005875","S03000030"
"S01005896","S03000030"
"S01005848","S03000030"
"S01005858","S03000030"
"S01005869","S03000030"
"S01005888","S03000030"
"S01005890","S03000030"
"S01005891","S03000030"
"S01005911","S03000030"
"S01005885","S03000030"
"S01005878","S03000030"
"S01005944","S03000030"
"S01005921","S03000030"
"S01005946","S03000030"
"S01005939","S03000030"
"S01005932","S03000030"
"S01005913","S03000030"
"S01005936","S03000030"
"S01005928","S03000030"
"S01005917","S03000030"
"S01005906","S03000030"
"S01004661","S03000029"
"S01004678","S03000029"
"S01004670","S03000029"
"S01004637","S03000029"
"S01004693","S03000029"
"S01004677","S03000029"
"S01004667","S03000029"
"S01004679","S03000029"
"S01004682","S03000029"
"S01004689","S03000029"
"S01004685","S03000029"
"S01004655","S03000029"
"S01004639","S03000029"
"S01004627","S03000029"
"S01004629","S03000029"
"S01004652","S03000029"
"S01004645","S03000029"
"S01004632","S03000029"
"S01004635","S03000029"
"S01004653","S03000029"
"S01004659","S03000029"
"S01004648","S03000029"
"S01004638","S03000029"
"S01004641","S03000029"
"S01004656","S03000029"
"S01004646","S03000029"
"S01004668","S03000029"
"S01004765","S03000029"
"S01004770","S03000029"
"S01004757","S03000029"
"S01004783","S03000029"
"S01004774","S03000029"
"S01004791","S03000029"
"S01004784","S03000029"
"S01004794","S03000029"
"S01004801","S03000029"
"S01004811","S03000029"
"S01004809","S03000029"
"S01004840","S03000029"
"S01004808","S03000029"
"S01004835","S03000029"
"S01004799","S03000029"
"S01004810","S03000029"
"S01004813","S03000029"
"S01004816","S03000029"
"S01004822","S03000029"
"S01004825","S03000029"
"S01004763","S03000029"
"S01004787","S03000029"
"S01004772","S03000029"
"S01004779","S03000029"
"S01004775","S03000029"
"S01004792","S03000029"
"S01004781","S03000029"
"S01004761","S03000029"
"S01004749","S03000029"
"S01004706","S03000029"
"S01004748","S03000029"
"S01004735","S03000029"
"S01004733","S03000029"
"S01004738","S03000029"
"S01004711","S03000029"
"S01004727","S03000029"
"S01004728","S03000029"
"S01004750","S03000029"
"S01004722","S03000029"
"S01004721","S03000029"
"S01004716","S03000029"
"S01004732","S03000029"
"S01004751","S03000029"
"S01004719","S03000029"
"S01004736","S03000029"
"S01004717","S03000029"
"S01004724","S03000029"
"S01004730","S03000029"
"S01004731","S03000029"
"S01004742","S03000029"
"S01004745","S03000029"
"S01004746","S03000029"
"S01004729","S03000029"
"S01004789","S03000029"
"S01004782","S03000029"
"S01004831","S03000029"
"S01004793","S03000029"
"S01004798","S03000029"
"S01004795","S03000029"
"S01004807","S03000029"
"S01004805","S03000029"
"S01004814","S03000029"
"S01004818","S03000029"
"S01004824","S03000029"
"S01004839","S03000029"
"S01004828","S03000029"
"S01004804","S03000029"
"S01004802","S03000029"
"S01004826","S03000029"
"S01004786","S03000029"
"S01004812","S03000029"
"S01004817","S03000029"
"S01004803","S03000029"
"S01004820","S03000029"
"S01004796","S03000029"
"S01004797","S03000029"
"S01004800","S03000029"
"S01004806","S03000029"
"S01004771","S03000029"
"S01004819","S03000029"
"S01004821","S03000029"
"S01004823","S03000029"
"S01004827","S03000029"
"S01004829","S03000029"
"S01004830","S03000029"
"S01004780","S03000029"
"S01004768","S03000029"
"S01004773","S03000029"
"S01004764","S03000029"
"S01004701","S03000029"
"S01004769","S03000029"
"S01004777","S03000029"
"S01004785","S03000029"
"S01004752","S03000029"
"S01004740","S03000029"
"S01004790","S03000029"
"S01004725","S03000029"
"S01004714","S03000029"
"S01004703","S03000029"
"S01004705","S03000029"
"S01004759","S03000029"
"S01004788","S03000029"
"S01004710","S03000029"
"S01004712","S03000029"
"S01004708","S03000029"
"S01004776","S03000029"
"S01004766","S03000029"
"S01004723","S03000029"
"S01004756","S03000029"
"S01004754","S03000029"
"S01004747","S03000029"
"S01004767","S03000029"
"S01004760","S03000029"
"S01004778","S03000029"
"S01004739","S03000029"
"S01004743","S03000029"
"S01004713","S03000029"
"S01004669","S03000029"
"S01004657","S03000029"
"S01004673","S03000029"
"S01004664","S03000029"
"S01004674","S03000029"
"S01004718","S03000029"
"S01004720","S03000029"
"S01004611","S03000029"
"S01004654","S03000029"
"S01004755","S03000029"
"S01004636","S03000029"
"S01004631","S03000029"
"S01004628","S03000029"
"S01004753","S03000029"
"S01004741","S03000029"
"S01004762","S03000029"
"S01005754","S03000030"
"S01005770","S03000030"
"S01005751","S03000030"
"S01005765","S03000030"
"S01005774","S03000030"
"S01005777","S03000030"
"S01005783","S03000030"
"S01005756","S03000030"
"S01005758","S03000030"
"S01005753","S03000030"
"S01005761","S03000030"
"S01005747","S03000030"
"S01005743","S03000030"
"S01005742","S03000030"
"S01005766","S03000030"
"S01005750","S03000030"
"S01005773","S03000030"
"S01005778","S03000030"
"S01005785","S03000030"
"S01005806","S03000030"
"S01005734","S03000030"
"S01005800","S03000030"
"S01005791","S03000030"
"S01005779","S03000030"
"S01005767","S03000030"
"S01005768","S03000030"
"S01005781","S03000030"
"S01005775","S03000030"
"S01005760","S03000030"
"S01005788","S03000030"
"S01005797","S03000030"
"S01005759","S03000030"
"S01005748","S03000030"
"S01005794","S03000030"
"S01005755","S03000030"
"S01005757","S03000030"
"S01005752","S03000030"
"S01005744","S03000030"
"S01005782","S03000030"
"S01005776","S03000030"
"S01005769","S03000030"
"S01005772","S03000030"
"S01005771","S03000030"
"S01005764","S03000030"
"S01005762","S03000030"
"S01005745","S03000030"
"S01005738","S03000030"
"S01005737","S03000030"
"S01005731","S03000030"
"S01005736","S03000030"
"S01005729","S03000030"
"S01005728","S03000030"
"S01005735","S03000030"
"S01005249","S03000020"
"S01005262","S03000020"
"S01005239","S03000020"
"S01005285","S03000020"
"S01005268","S03000020"
"S01005248","S03000020"
"S01005234","S03000020"
"S01005246","S03000020"
"S01005250","S03000020"
"S01005240","S03000020"
"S01005229","S03000020"
"S01005256","S03000020"
"S01005245","S03000020"
"S01005235","S03000020"
"S01005232","S03000020"
"S01005254","S03000020"
"S01005243","S03000020"
"S01005242","S03000020"
"S01005231","S03000020"
"S01005255","S03000020"
"S01005265","S03000020"
"S01005253","S03000020"
"S01005217","S03000020"
"S01005270","S03000020"
"S01005258","S03000020"
"S01005241","S03000020"
"S01005237","S03000020"
"S01005269","S03000020"
"S01005257","S03000020"
"S01005244","S03000020"
"S01005271","S03000020"
"S01005191","S03000020"
"S01005213","S03000020"
"S01005228","S03000020"
"S01005198","S03000020"
"S01005230","S03000020"
"S01005238","S03000020"
"S01005166","S03000020"
"S01005290","S03000020"
"S01005286","S03000020"
"S01005283","S03000020"
"S01005294","S03000020"
"S01005279","S03000020"
"S01005295","S03000020"
"S01004011","S03000018"
"S01005329","S03000020"
"S01005303","S03000020"
"S01005149","S03000020"
"S01005148","S03000020"
"S01005154","S03000020"
"S01005151","S03000020"
"S01005150","S03000020"
"S01004017","S03000018"
"S01004014","S03000018"
"S01004020","S03000018"
"S01004015","S03000018"
"S01004013","S03000018"
"S01004032","S03000018"
"S01004048","S03000018"
"S01004024","S03000018"
"S01004049","S03000018"
"S01004046","S03000018"
"S01004040","S03000018"
"S01004037","S03000018"
"S01004044","S03000018"
"S01004042","S03000018"
"S01004041","S03000018"
"S01004035","S03000018"
"S01004038","S03000018"
"S01004034","S03000018"
"S01004029","S03000018"
"S01004036","S03000018"
"S01004039","S03000018"
"S01004030","S03000018"
"S01004028","S03000018"
"S01004031","S03000018"
"S01004033","S03000018"
"S01004027","S03000018"
"S01004026","S03000018"
"S01004025","S03000018"
"S01005361","S03000020"
"S01005351","S03000020"
"S01004094","S03000018"
"S01004084","S03000018"
"S01004070","S03000018"
"S01004093","S03000018"
"S01004075","S03000018"
"S01004086","S03000018"
"S01004092","S03000018"
"S01004085","S03000018"
"S01004090","S03000018"
"S01004057","S03000018"
"S01004060","S03000018"
"S01004063","S03000018"
"S01004053","S03000018"
"S01004061","S03000018"
"S01004052","S03000018"
"S01004051","S03000018"
"S01004050","S03000018"
"S01004045","S03000018"
"S01004047","S03000018"
"S01004065","S03000018"
"S01004080","S03000018"
"S01004069","S03000018"
"S01004062","S03000018"
"S01004078","S03000018"
"S01004068","S03000018"
"S01004072","S03000018"
"S01004043","S03000018"
"S01004023","S03000018"
"S01004022","S03000018"
"S01004021","S03000018"
"S01004019","S03000018"
"S01004087","S03000018"
"S01004088","S03000018"
"S01004074","S03000018"
"S01004066","S03000018"
"S01004058","S03000018"
"S01004079","S03000018"
"S01004054","S03000018"
"S01004073","S03000018"
"S01004056","S03000018"
"S01004081","S03000018"
"S01004071","S03000018"
"S01004076","S03000018"
"S01004089","S03000018"
"S01004077","S03000018"
"S01004097","S03000018"
"S01004108","S03000018"
"S01004067","S03000018"
"S01004116","S03000018"
"S01004083","S03000018"
"S01004120","S03000018"
"S01004110","S03000018"
"S01004115","S03000018"
"S01004112","S03000018"
"S01004106","S03000018"
"S01004101","S03000018"
"S01004102","S03000018"
"S01004095","S03000018"
"S01004104","S03000018"
"S01004091","S03000018"
"S01004064","S03000018"
"S01004055","S03000018"
"S01004059","S03000018"
"S01004012","S03000018"
"S01004018","S03000018"
"S01004016","S03000018"
"S01004111","S03000018"
"S01004096","S03000018"
"S01004099","S03000018"
"S01004082","S03000018"
"S01004118","S03000018"
"S01004103","S03000018"
"S01004105","S03000018"
"S01004119","S03000018"
"S01004117","S03000018"
"S01004113","S03000018"
"S01004107","S03000018"
"S01004114","S03000018"
"S01004100","S03000018"
"S01004109","S03000018"
"S01004098","S03000018"
"S01005162","S03000020"
"S01005176","S03000020"
"S01005196","S03000020"
"S01005180","S03000020"
"S01005165","S03000020"
"S01005174","S03000020"
"S01005182","S03000020"
"S01005158","S03000020"
"S01005168","S03000020"
"S01005193","S03000020"
"S01005169","S03000020"
"S01005205","S03000020"
"S01005221","S03000020"
"S01005214","S03000020"
"S01005181","S03000020"
"S01005210","S03000020"
"S01005197","S03000020"
"S01005192","S03000020"
"S01005226","S03000020"
"S01005208","S03000020"
"S01005175","S03000020"
"S01005186","S03000020"
"S01005187","S03000020"
"S01005219","S03000020"
"S01005199","S03000020"
"S01005222","S03000020"
"S01005194","S03000020"
"S01005195","S03000020"
"S01005185","S03000020"
"S01005170","S03000020"
"S01005152","S03000020"
"S01005179","S03000020"
"S01005167","S03000020"
"S01005171","S03000020"
"S01005160","S03000020"
"S01005156","S03000020"
"S01005163","S03000020"
"S01005161","S03000020"
"S01005157","S03000020"
"S01005224","S03000020"
"S01005223","S03000020"
"S01005216","S03000020"
"S01005201","S03000020"
"S01005212","S03000020"
"S01005200","S03000020"
"S01005188","S03000020"
"S01005204","S03000020"
"S01005247","S03000020"
"S01005261","S03000020"
"S01005251","S03000020"
"S01005272","S03000020"
"S01005263","S03000020"
"S01005312","S03000020"
"S01005275","S03000020"
"S01005289","S03000020"
"S01005284","S03000020"
"S01005264","S03000020"
"S01005278","S03000020"
"S01005236","S03000020"
"S01005266","S03000020"
"S01005260","S03000020"
"S01005252","S03000020"
"S01005259","S03000020"
"S01005267","S03000020"
"S01005281","S03000020"
"S01005276","S03000020"
"S01005277","S03000020"
"S01005273","S03000020"
"S01005287","S03000020"
"S01005274","S03000020"
"S01005299","S03000020"
"S01005304","S03000020"
"S01005292","S03000020"
"S01005288","S03000020"
"S01005280","S03000020"
"S01005282","S03000020"
"S01005318","S03000020"
"S01005321","S03000020"
"S01005306","S03000020"
"S01005316","S03000020"
"S01005310","S03000020"
"S01005305","S03000020"
"S01005302","S03000020"
"S01005309","S03000020"
"S01005297","S03000020"
"S01005323","S03000020"
"S01005317","S03000020"
"S01005319","S03000020"
"S01005311","S03000020"
"S01005313","S03000020"
"S01005308","S03000020"
"S01005315","S03000020"
"S01005322","S03000020"
"S01005324","S03000020"
"S01005331","S03000020"
"S01005328","S03000020"
"S01005330","S03000020"
"S01005327","S03000020"
"S01005326","S03000020"
"S01005332","S03000020"
"S01005334","S03000020"
"S01005337","S03000020"
"S01005335","S03000020"
"S01005209","S03000020"
"S01005189","S03000020"
"S01005173","S03000020"
"S01005164","S03000020"
"S01005184","S03000020"
"S01005183","S03000020"
"S01005178","S03000020"
"S01005159","S03000020"
"S01005233","S03000020"
"S01005220","S03000020"
"S01005218","S03000020"
"S01005227","S03000020"
"S01005211","S03000020"
"S01005203","S03000020"
"S01005207","S03000020"
"S01005225","S03000020"
"S01005215","S03000020"
"S01005206","S03000020"
"S01005202","S03000020"
"S01005190","S03000020"
"S01005177","S03000020"
"S01005301","S03000020"
"S01005298","S03000020"
"S01005300","S03000020"
"S01005314","S03000020"
"S01005307","S03000020"
"S01005320","S03000020"
"S01005296","S03000020"
"S01005291","S03000020"
"S01005350","S03000020"
"S01005356","S03000020"
"S01005354","S03000020"
"S01005359","S03000020"
"S01005360","S03000020"
"S01005358","S03000020"
"S01005347","S03000020"
"S01005352","S03000020"
"S01005342","S03000020"
"S01005349","S03000020"
"S01005357","S03000020"
"S01005348","S03000020"
"S01005353","S03000020"
"S01005355","S03000020"
"S01005346","S03000020"
"S01005340","S03000020"
"S01005333","S03000020"
"S01005343","S03000020"
"S01005336","S03000020"
"S01005341","S03000020"
"S01005339","S03000020"
"S01005345","S03000020"
"S01005338","S03000020"
"S01005344","S03000020"
"S01005155","S03000020"
"S01005153","S03000020"
